{
"lengthUnit": "mil",
"remark": [],
"components": {
	"fields": ["COMPONENT_NO", "COMPONENT_NAME", "LAYER", "X_COORDINATE", "Y_COORDINATE", "ANGLE"],
	"rows": [
		[1, "PAD1", "T", 1349.8616, 1100, 0],
		[2, "PAD1", "B", 1349.8616, 1100, 0],
		[3, "PAD2", "T", 1349.8616, 1000, 0],
		[4, "PAD2", "B", 1349.8616, 1000, 0],
		[5, "PAD3", "T", 1349.8616, 900, 0],
		[6, "PAD3", "B", 1349.8616, 900, 0],
		[7, "PAD4", "T", 749.8616, 1100, 0],
		[8, "PAD4", "B", 749.8616, 1100, 0],
		[9, "PAD5", "T", 749.8616, 1000, 0],
		[10, "PAD5", "B", 749.8616, 1000, 0],
		[11, "PAD6", "T", 749.8616, 900, 0],
		[12, "PAD6", "B", 749.8616, 900, 0],
		[13, "PAD7", "T", 749.8616, 700, 0],
		[14, "PAD7", "B", 749.8616, 700, 0],
		[15, "PAD8", "T", 749.8616, 600, 0],
		[16, "PAD8", "B", 749.8616, 600, 0],
		[17, "PAD9", "T", 749.8616, 400, 0],
		[18, "PAD9", "B", 749.8616, 400, 0],
		[19, "PAD10", "T", 349.8616, 400, 0],
		[20, "PAD10", "B", 349.8616, 400, 0],
		[21, "PAD11", "T", 349.8616, 500, 0],
		[22, "PAD11", "B", 349.8616, 500, 0],
		[23, "PAD12", "T", 349.8616, 600, 0],
		[24, "PAD12", "B", 349.8616, 600, 0],
		[25, "PAD13", "T", 349.8616, 700, 0],
		[26, "PAD13", "B", 349.8616, 700, 0],
		[27, "PAD14", "T", 349.8616, 800, 0],
		[28, "PAD14", "B", 349.8616, 800, 0],
		[29, "PAD15", "T", 349.8616, 900, 0],
		[30, "PAD15", "B", 349.8616, 900, 0],
		[31, "PAD16", "T", 349.8616, 1000, 0],
		[32, "PAD16", "B", 349.8616, 1000, 0],
		[33, "PAD17", "T", 349.8616, 1100, 0],
		[34, "PAD17", "B", 349.8616, 1100, 0],
		[35, "PAD18", "T", 1749.8616, 1000, 0],
		[36, "PAD18", "B", 1749.8616, 1000, 0],
		[37, "PAD19", "T", 1749.8616, 700, 0],
		[38, "PAD19", "B", 1749.8616, 700, 0],
		[39, "PAD20", "T", 1749.8616, 600, 0],
		[40, "PAD20", "B", 1749.8616, 600, 0],
		[41, "PAD21", "T", 1749.8616, 500, 0],
		[42, "PAD21", "B", 1749.8616, 500, 0],
		[43, "PAD22", "T", 1749.8616, 400, 0],
		[44, "PAD22", "B", 1749.8616, 400, 0],
		[45, "PAD23", "T", 1749.8616, 300, 0],
		[46, "PAD23", "B", 1749.8616, 300, 0],
		[47, "PAD24", "T", 349.8616, 300, 0],
		[48, "PAD24", "B", 349.8616, 300, 0],
		[49, "PAD25", "T", 1749.8616, 1100, 0],
		[50, "PAD25", "B", 1749.8616, 1100, 0],
		[51, "PAD26", "T", 499.8616, 100, 0],
		[52, "PAD26", "B", 499.8616, 100, 0],
		[53, "PAD27", "T", 349.8616, 100, 0],
		[54, "PAD27", "B", 349.8616, 100, 0],
		[55, "PAD28", "T", 649.8616, 100, 0],
		[56, "PAD28", "B", 649.8616, 100, 0],
		[57, "PAD29", "T", 749.8616, 100, 0],
		[58, "PAD29", "B", 749.8616, 100, 0],
		[59, "PAD30", "T", 1399.8616, 100, 0],
		[60, "PAD30", "B", 1399.8616, 100, 0],
		[61, "PAD31", "T", 1649.8616, 100, 0],
		[62, "PAD31", "B", 1649.8616, 100, 0],
		[63, "PAD32", "T", 1749.8616, 100, 0],
		[64, "PAD32", "B", 1749.8616, 100, 0],
		[65, "PAD33", "T", 999.8616, 100, 0],
		[66, "PAD33", "B", 999.8616, 100, 0],
		[67, "PAD34", "T", 899.8616, 100, 0],
		[68, "PAD34", "B", 899.8616, 100, 0],
		[69, "PAD35", "T", 1249.8616, 100, 0],
		[70, "PAD35", "B", 1249.8616, 100, 0],
		[71, "PAD36", "T", 1149.8616, 100, 0],
		[72, "PAD36", "B", 1149.8616, 100, 0],
		[73, "PAD37", "T", 1499.8616, 100, 0],
		[74, "PAD37", "B", 1499.8616, 100, 0]
	]
},
"pins": {
	"fields": ["PIN_NO", "PIN_NAME", "PIN_X", "PIN_Y", "LAYER", "PIN_TYPE", "NET_NAME", "NET_TYPE", "PAD_SHAPE", "PAD_SIZEX", "PAD_SIZEY", "HOLE_SIZE", "HOLE_LEN", "PAD_ANGLE"],
	"rows": [
		[1, "PAD1_999", 1349.8616, 1100, "T", "DIP", "VCC", "", "C", 60, 60, 36, 36, 90],
		[2, "PAD1_999", 1349.8616, 1100, "B", "DIP", "VCC", "", "C", 60, 60, 36, 36, 90],
		[3, "PAD2_999", 1349.8616, 1000, "T", "DIP", "GND", "GND", "C", 60, 60, 36, 36, 90],
		[4, "PAD2_999", 1349.8616, 1000, "B", "DIP", "GND", "GND", "C", 60, 60, 36, 36, 90],
		[5, "PAD3_999", 1349.8616, 900, "T", "DIP", "3V3", "", "C", 60, 60, 36, 36, 90],
		[6, "PAD3_999", 1349.8616, 900, "B", "DIP", "3V3", "", "C", 60, 60, 36, 36, 90],
		[7, "PAD4_999", 749.8616, 1100, "T", "DIP", "POWER", "", "C", 60, 60, 36, 36, 90],
		[8, "PAD4_999", 749.8616, 1100, "B", "DIP", "POWER", "", "C", 60, 60, 36, 36, 90],
		[9, "PAD5_999", 749.8616, 1000, "T", "DIP", "UP", "", "C", 60, 60, 36, 36, 90],
		[10, "PAD5_999", 749.8616, 1000, "B", "DIP", "UP", "", "C", 60, 60, 36, 36, 90],
		[11, "PAD6_999", 749.8616, 900, "T", "DIP", "DOWN", "", "C", 60, 60, 36, 36, 90],
		[12, "PAD6_999", 749.8616, 900, "B", "DIP", "DOWN", "", "C", 60, 60, 36, 36, 90],
		[13, "PAD7_999", 749.8616, 700, "T", "DIP", "BOTTOM", "", "C", 60, 60, 36, 36, 90],
		[14, "PAD7_999", 749.8616, 700, "B", "DIP", "BOTTOM", "", "C", 60, 60, 36, 36, 90],
		[15, "PAD8_999", 749.8616, 600, "T", "DIP", "TOP", "", "C", 60, 60, 36, 36, 90],
		[16, "PAD8_999", 749.8616, 600, "B", "DIP", "TOP", "", "C", 60, 60, 36, 36, 90],
		[17, "PAD9_999", 749.8616, 400, "T", "DIP", "DIRECTION", "", "C", 60, 60, 36, 36, 90],
		[18, "PAD9_999", 749.8616, 400, "B", "DIP", "DIRECTION", "", "C", 60, 60, 36, 36, 90],
		[19, "PAD10_9", 349.8616, 400, "T", "DIP", "VCC", "", "C", 60, 60, 36, 36, 90],
		[20, "PAD10_9", 349.8616, 400, "B", "DIP", "VCC", "", "C", 60, 60, 36, 36, 90],
		[21, "PAD11_10", 349.8616, 500, "T", "DIP", "VCC", "", "C", 60, 60, 36, 36, 90],
		[22, "PAD11_10", 349.8616, 500, "B", "DIP", "VCC", "", "C", 60, 60, 36, 36, 90],
		[23, "PAD12_11", 349.8616, 600, "T", "DIP", "GND", "GND", "C", 60, 60, 36, 36, 90],
		[24, "PAD12_11", 349.8616, 600, "B", "DIP", "GND", "GND", "C", 60, 60, 36, 36, 90],
		[25, "PAD13_12", 349.8616, 700, "T", "DIP", "MOTOR2", "", "C", 60, 60, 36, 36, 90],
		[26, "PAD13_12", 349.8616, 700, "B", "DIP", "MOTOR2", "", "C", 60, 60, 36, 36, 90],
		[27, "PAD14_13", 349.8616, 800, "T", "DIP", "MOTOR1", "", "C", 60, 60, 36, 36, 90],
		[28, "PAD14_13", 349.8616, 800, "B", "DIP", "MOTOR1", "", "C", 60, 60, 36, 36, 90],
		[29, "PAD15_999", 349.8616, 900, "T", "DIP", "DIRECTION", "", "C", 60, 60, 36, 36, 90],
		[30, "PAD15_999", 349.8616, 900, "B", "DIP", "DIRECTION", "", "C", 60, 60, 36, 36, 90],
		[31, "PAD16_999", 349.8616, 1000, "T", "DIP", "VCC", "", "C", 60, 60, 36, 36, 90],
		[32, "PAD16_999", 349.8616, 1000, "B", "DIP", "VCC", "", "C", 60, 60, 36, 36, 90],
		[33, "PAD17_999", 349.8616, 1100, "T", "DIP", "GND", "GND", "C", 60, 60, 36, 36, 90],
		[34, "PAD17_999", 349.8616, 1100, "B", "DIP", "GND", "GND", "C", 60, 60, 36, 36, 90],
		[35, "PAD18_999", 1749.8616, 1000, "T", "DIP", "MOTOR2", "", "C", 60, 60, 36, 36, 90],
		[36, "PAD18_999", 1749.8616, 1000, "B", "DIP", "MOTOR2", "", "C", 60, 60, 36, 36, 90],
		[37, "PAD19_999", 1749.8616, 700, "T", "DIP", "MOTORB", "", "C", 60, 60, 36, 36, 90],
		[38, "PAD19_999", 1749.8616, 700, "B", "DIP", "MOTORB", "", "C", 60, 60, 36, 36, 90],
		[39, "PAD20_999", 1749.8616, 600, "T", "DIP", "MOTORA", "", "C", 60, 60, 36, 36, 90],
		[40, "PAD20_999", 1749.8616, 600, "B", "DIP", "MOTORA", "", "C", 60, 60, 36, 36, 90],
		[41, "PAD21_999", 1749.8616, 500, "T", "DIP", "POWER", "", "C", 60, 60, 36, 36, 90],
		[42, "PAD21_999", 1749.8616, 500, "B", "DIP", "POWER", "", "C", 60, 60, 36, 36, 90],
		[43, "PAD22_999", 1749.8616, 400, "T", "DIP", "VCC", "", "C", 60, 60, 36, 36, 90],
		[44, "PAD22_999", 1749.8616, 400, "B", "DIP", "VCC", "", "C", 60, 60, 36, 36, 90],
		[45, "PAD23_999", 1749.8616, 300, "T", "DIP", "GND", "GND", "C", 60, 60, 36, 36, 90],
		[46, "PAD23_999", 1749.8616, 300, "B", "DIP", "GND", "GND", "C", 60, 60, 36, 36, 90],
		[47, "PAD24_9", 349.8616, 300, "T", "DIP", "GND", "GND", "C", 60, 60, 36, 36, 90],
		[48, "PAD24_9", 349.8616, 300, "B", "DIP", "GND", "GND", "C", 60, 60, 36, 36, 90],
		[49, "PAD25_999", 1749.8616, 1100, "T", "DIP", "MOTOR1", "", "C", 60, 60, 36, 36, 90],
		[50, "PAD25_999", 1749.8616, 1100, "B", "DIP", "MOTOR1", "", "C", 60, 60, 36, 36, 90],
		[51, "PAD26_999", 499.8616, 100, "T", "DIP", "TOP", "", "C", 60, 60, 36, 36, 180],
		[52, "PAD26_999", 499.8616, 100, "B", "DIP", "TOP", "", "C", 60, 60, 36, 36, 180],
		[53, "PAD27_999", 349.8616, 100, "T", "DIP", "BOTTOM", "", "C", 60, 60, 36, 36, 180],
		[54, "PAD27_999", 349.8616, 100, "B", "DIP", "BOTTOM", "", "C", 60, 60, 36, 36, 180],
		[55, "PAD28_999", 649.8616, 100, "T", "DIP", "UP", "", "C", 60, 60, 36, 36, 180],
		[56, "PAD28_999", 649.8616, 100, "B", "DIP", "UP", "", "C", 60, 60, 36, 36, 180],
		[57, "PAD29_999", 749.8616, 100, "T", "DIP", "DOWN", "", "C", 60, 60, 36, 36, 180],
		[58, "PAD29_999", 749.8616, 100, "B", "DIP", "DOWN", "", "C", 60, 60, 36, 36, 180],
		[59, "PAD30_999", 1399.8616, 100, "T", "DIP", "GND", "GND", "C", 60, 60, 36, 36, 180],
		[60, "PAD30_999", 1399.8616, 100, "B", "DIP", "GND", "GND", "C", 60, 60, 36, 36, 180],
		[61, "PAD31_999", 1649.8616, 100, "T", "DIP", "MOTORB", "", "C", 60, 60, 36, 36, 180],
		[62, "PAD31_999", 1649.8616, 100, "B", "DIP", "MOTORB", "", "C", 60, 60, 36, 36, 180],
		[63, "PAD32_999", 1749.8616, 100, "T", "DIP", "MOTORA", "", "C", 60, 60, 36, 36, 180],
		[64, "PAD32_999", 1749.8616, 100, "B", "DIP", "MOTORA", "", "C", 60, 60, 36, 36, 180],
		[65, "PAD33_999", 999.8616, 100, "T", "DIP", "3V3", "", "C", 60, 60, 36, 36, 180],
		[66, "PAD33_999", 999.8616, 100, "B", "DIP", "3V3", "", "C", 60, 60, 36, 36, 180],
		[67, "PAD34_999", 899.8616, 100, "T", "DIP", "3V3", "", "C", 60, 60, 36, 36, 180],
		[68, "PAD34_999", 899.8616, 100, "B", "DIP", "3V3", "", "C", 60, 60, 36, 36, 180],
		[69, "PAD35_999", 1249.8616, 100, "T", "DIP", "VCC", "", "C", 60, 60, 36, 36, 180],
		[70, "PAD35_999", 1249.8616, 100, "B", "DIP", "VCC", "", "C", 60, 60, 36, 36, 180],
		[71, "PAD36_999", 1149.8616, 100, "T", "DIP", "VCC", "", "C", 60, 60, 36, 36, 180],
		[72, "PAD36_999", 1149.8616, 100, "B", "DIP", "VCC", "", "C", 60, 60, 36, 36, 180],
		[73, "PAD37_999", 1499.8616, 100, "T", "DIP", "GND", "GND", "C", 60, 60, 36, 36, 180],
		[74, "PAD37_999", 1499.8616, 100, "B", "DIP", "GND", "GND", "C", 60, 60, 36, 36, 180]
	]
}
}